Action,Custom label (SKU),Category ID,Title,Buy It Now price,Quantity,Item photo URL,Format,Duration,Condition ID,Best Offer Enabled,Best Offer Auto Accept Price,Minimum Best Offer Price,Description,Card Name,Sport,Player/Athlete,Parallel/Variety,Season,Manufacturer,Features,Set,Graded,Grade,Professional Grader,Certification Number,Card Number,Team,Autographed,Print Run
Add,MUN-GARNACHO-199-PSA10,261328,2022-23 Panini Donruss FIFA Alejandro Garnacho Rated Rookie PINK /25 PSA 10 GEM,$479.99,1,https://raw.githubusercontent.com/YinzBreaks/ebay-card-assets/main/assets/9_6_28_upload/MUN-GARNACHO-199-PSA10.jpg,FixedPrice,GTC,2750,TRUE,$410.00,$350.00,"<p>Grail modern rookie alert: 2022-23 Panini Donruss FIFA Alejandro Garnacho True Rated Rookie card Pink parallel serial numbered #/25 (15/25) graded PSA 10 Gem Mint (Cert #101889066). Extremely rare low-print rookie parallel for the Manchester United and Argentina phenom. Ships double-boxed, slab-sleeved, with full signature tracking.</p>",Rated Rookie Pink /25,Soccer,Alejandro Garnacho,Pink /25,2022-23,Panini,"Rookie Card, Serial Numbered, Short Print (SP), Rated Rookie",2022-23 Panini Donruss FIFA,Yes,10,Professional Sports Authenticator (PSA),101889066,199,Manchester United,No,25
Add,RMA-VINI-112-PSA10,261328,2024-25 Panini Select La Liga Vini Jr Honeycomb Case Hit SSP PSA 10 GEM MINT,$429.99,1,https://raw.githubusercontent.com/YinzBreaks/ebay-card-assets/main/assets/9_6_28_upload/RMA-VINI-112-PSA10.jpg,FixedPrice,GTC,2750,TRUE,$360.00,$300.00,<p>For sale is a 2024-25 Panini Select La Liga Vini Jr (Vinícius Júnior) Honeycomb Prizm Case Hit SSP Mezzanine Level graded PSA 10 Gem Mint (Cert #123472258). Ultra-rare case hit parallel featuring Real Madrid's superstar attacker. Pristine centering and eye appeal. Ships safely packaged with signature confirmation.</p>,Mezzanine Honeycomb Case Hit,Soccer,Vini Jr. / Vinicius Junior,Honeycomb Case Hit SSP,2024-25,Panini,"Case Hit, Super Short Print (SSP), Prizm, Mezzanine",2024-25 Panini Select La Liga,Yes,10,Professional Sports Authenticator (PSA),123472258,112,Real Madrid,No,SSP Case Hit
Add,DIS-RAYA-174-PSA10,261328,2024 Topps Chrome Disney Raya Gold Refractor /50 PSA 10 GEM MINT #174,$249.99,1,https://raw.githubusercontent.com/YinzBreaks/ebay-card-assets/main/assets/9_6_28_upload/DIS-RAYA-174-PSA10.jpg,FixedPrice,GTC,2750,TRUE,$215.00,$180.00,<p>2024 Topps Chrome Disney Raya and the Last Dragon Gold Refractor numbered #44/50 graded PSA 10 Gem Mint (Cert #113942807). Iconic modern Disney Chrome release in the coveted True Gold /50 parallel with Gem Mint grade. Ships securely boxed with insurance.</p>,Gold Refractor /50,Non-Sport,Raya,Gold Refractor /50,2024,Topps,"Serial Numbered, Gold Refractor, Short Print",2024 Topps Chrome Disney,Yes,10,Professional Sports Authenticator (PSA),113942807,174,Disney,No,50
Add,UGA-BECK-1OF1-PSA9,261328,2023 Leaf Eclectic Carson Beck Valiant Zebra Mojo AUTO 1/1 PSA 9 MINT AUTO 10,$219.99,1,https://raw.githubusercontent.com/YinzBreaks/ebay-card-assets/main/assets/9_6_28_upload/UGA-BECK-1OF1-PSA9.jpg,FixedPrice,GTC,2750,TRUE,$175.00,$140.00,<p>True One-of-One: 2023 Leaf Eclectic Carson Beck Valiant Autograph Zebra Mojo 1/1 (#VACB1) graded PSA 9 Mint with a PSA 10 Certified Autograph (Cert #87700011). Rare 1/1 college football piece featuring the Georgia Bulldogs star quarterback. Certified authentic signature. Ships insured and boxed.</p>,Valiant Autograph Zebra Mojo 1/1,Football,Carson Beck,Zebra Mojo 1/1,2023,Leaf,"One of One (1/1), Autograph, Auto 10 Grade, Short Print",2023 Leaf Eclectic,Yes,9,Professional Sports Authenticator (PSA),87700011,VACB1,Georgia Bulldogs,Yes,1
Add,USA-PULISIC-201-PSA10,261328,2024-25 Panini Select FIFA Christian Pulisic Purple Mojo Field Level PSA 10 GEM,$129.99,1,https://raw.githubusercontent.com/YinzBreaks/ebay-card-assets/main/assets/9_6_28_upload/USA-PULISIC-201-PSA10.jpg,FixedPrice,GTC,2750,TRUE,$110.00,$90.00,"<p>2024-25 Panini Select FIFA Christian Pulisic Purple Mojo Prizm Field Level #201 graded PSA 10 Gem Mint (Cert #153466044). Features Captain America in USMNT colors from the highest, rarest base tier (Field Level). Ships bubble-wrapped and boxed.</p>",Field Level Purple Mojo,Soccer,Christian Pulisic,Purple Mojo Field Level,2024-25,Panini,"Field Level, Purple Mojo, Gem Mint",2024-25 Panini Select FIFA,Yes,10,Professional Sports Authenticator (PSA),153466044,201,United States / AC Milan,No,SP
Add,ENG-PALMER-166-PSA9,261328,2024-25 Panini Select FIFA Cole Palmer Mezzanine Bronze Checker /75 PSA 9 MINT,$119.99,1,https://raw.githubusercontent.com/YinzBreaks/ebay-card-assets/main/assets/9_6_28_upload/ENG-PALMER-166-PSA9.jpg,FixedPrice,GTC,2750,TRUE,$95.00,$75.00,<p>2024-25 Panini Select FIFA Cole Palmer Mezzanine Bronze Checkerboard Prizm numbered #13/75 graded PSA 9 Mint (Cert #153466059). Super-short print parallel for the England and Chelsea attacking maestro. Shipped with top-tier protection.</p>,Mezzanine Bronze Checker /75,Soccer,Cole Palmer,Bronze Checker /75,2024-25,Panini,"Serial Numbered, Bronze Checkerboard, Mezzanine",2024-25 Panini Select FIFA,Yes,9,Professional Sports Authenticator (PSA),153466059,166,England / Chelsea FC,No,75
Add,SPONGE-KAREN-SAK-PSA9,261328,2025 Topps Chrome SpongeBob Jill Talley Voice of Karen Solo AUTO PSA 9 MINT,$114.99,1,https://raw.githubusercontent.com/YinzBreaks/ebay-card-assets/main/assets/9_6_28_upload/SPONGE-KAREN-SAK-PSA9.jpg,FixedPrice,GTC,2750,TRUE,$90.00,$75.00,<p>2025 Topps Chrome SpongeBob SquarePants 25th Anniversary Jill Talley Solo Autograph inscribed 'Karen' (#SA-K) graded PSA 9 Mint (Cert #153466071). Topps certified authentic on-card signature by the legendary voice of Karen the Computer Wife. Shipped safely boxed.</p>,Solo Autograph 'Karen',Non-Sport,Jill Talley (Karen),Solo Autograph,2025,Topps,"Certified Autograph, Character Inscription, 25th Anniversary",2025 Topps Chrome SpongeBob,Yes,9,Professional Sports Authenticator (PSA),153466071,SA-K,SpongeBob SquarePants,Yes,SP
Add,MCI-HAALAND-227-PSA9,261328,2024-25 Panini Select PL Erling Haaland Field Level Bronze Checker /125 PSA 9,$99.99,1,https://raw.githubusercontent.com/YinzBreaks/ebay-card-assets/main/assets/9_6_28_upload/MCI-HAALAND-227-PSA9.jpg,FixedPrice,GTC,2750,TRUE,$80.00,$65.00,<p>2024-25 Panini Select Premier League Erling Haaland Field Level Bronze Checkerboard Prizm numbered #057/125 graded PSA 9 Mint (Cert #153466052). Rare Field Level tier parallel of Manchester City's record-breaking striker. Packed with care in bubble sleeve and box.</p>,Field Level Bronze Checker /125,Soccer,Erling Haaland,Bronze Checker /125,2024-25,Panini,"Serial Numbered, Field Level Tier, Bronze Checkerboard",2024-25 Panini Select Premier League,Yes,9,Professional Sports Authenticator (PSA),153466052,227,Manchester City,No,125
Add,MUN-BADGE-199-PSA9,261328,2025-26 Topps Premier League Manchester Utd Badge Orange Rainbow 25/25 PSA 9,$105.99,1,https://raw.githubusercontent.com/YinzBreaks/ebay-card-assets/main/assets/9_6_28_upload/MUN-BADGE-199-PSA9.jpg,FixedPrice,GTC,2750,TRUE,$95.00,$85.00,"<p>2025-26 Topps Premier League Manchester United Team Badge Card #199 Orange Rainbow Foil parallel serial numbered #25/25 (Bookend!) graded PSA 9 Mint (Cert #153466046). Iconic Old Trafford club crest parallel limited to just 25 copies. Fast, secure shipping.</p>",Manchester United Badge Orange Rainbow /25,Soccer,Manchester United Crest,Orange Rainbow Foil /25 (Bookend 25/25),2025-26,Topps,"Serial Numbered, Bookend 25/25, Club Crest Badge, Short Print",2025-26 Topps Premier League,Yes,9,Professional Sports Authenticator (PSA),153466046,199,Manchester United,No,25
Add,LIV-ALISSON-PAB-PSA10,261328,2024-25 Panini Prizm Premier League Alisson Becker Penmanship Choice Auto PSA 10,$269.99 ,1,https://raw.githubusercontent.com/YinzBreaks/ebay-card-assets/main/assets/9_6_28_upload/LIV-ALISSON-PAB-PSA10.jpg,FixedPrice,GTC,2750,TRUE,$240.00 ,$210.00 ,"<p>Up for sale is a 2024-25 Panini Prizm Premier League Alisson Becker Penmanship Choice Autograph graded PSA 10 Gem Mint (Cert #153466060). Official Panini certified on-card look Choice Prizm parallel featuring the world-class Liverpool FC goalkeeper. Ships securely packaged in slab sleeve, bubble wrapped, and boxed.</p>",Penmanship Choice Autograph,Soccer,Alisson Becker,Choice / Prizm Choice,2024-25,Panini,"Autograph, Short Print, Choice Prizm",2024-25 Panini Prizm Premier League,Yes,10,Professional Sports Authenticator (PSA),153466060,P-AB,Liverpool FC,Yes,SSP
Add,LIV-GERRARD-SSG-PSA10,261328,2024-25 Panini Select Premier League Steven Gerrard Signatures Auto PSA 10 Gem,$259.99 ,1,https://raw.githubusercontent.com/YinzBreaks/ebay-card-assets/main/assets/9_6_28_upload/LIV-GERRARD-SSG-PSA10.jpg,FixedPrice,GTC,2750,TRUE,$230.00 ,$200.00 ,<p>Up for sale is a 2024-25 Panini Select Premier League Steven Gerrard Signatures Autograph graded PSA 10 Gem Mint (Cert #153466056). Legendary Liverpool FC icon and Champions League winning captain. Panini certified authentic signature. Ships bubble-wrapped and boxed with full tracking.</p>,Premier League Signatures,Soccer,Steven Gerrard,Signatures Base Prizm,2024-25,Panini,"Autograph, Legend, Select Signatures",2024-25 Panini Select Premier League,Yes,10,Professional Sports Authenticator (PSA),153466056,S-SG,Liverpool FC,Yes,
Add,PAL-ENDRICK-158-PSA10,261328,2023-24 Panini Select FIFA Endrick Mezzanine Pink Mojo RC /195 PSA 10 GEM MINT,$249.99 ,1,https://raw.githubusercontent.com/YinzBreaks/ebay-card-assets/main/assets/9_6_28_upload/PAL-ENDRICK-158-PSA10.jpg,FixedPrice,GTC,2750,TRUE,$220.00 ,$195.00 ,<p>For sale is a 2023-24 Panini Select FIFA Endrick True Rookie Card Mezzanine Level Pink Mojo Refractor numbered #178/195 graded PSA 10 Gem Mint (Cert #153466053). Palmeiras / Real Madrid star prodigy. Exceptional eye appeal and sharp centering. Packaged with extreme care.</p>,Mezzanine Pink Mojo Prizm,Soccer,Endrick,Pink Mojo Prizm /195,2023-24,Panini,"Rookie Card, Serial Numbered, Short Print, Mezzanine",2023-24 Panini Select FIFA,Yes,10,Professional Sports Authenticator (PSA),153466053,158,Palmeiras / Brazil,No,195
Add,LIV-CHIESA-136-PSA10,261328,2024-25 Topps Merlin UCC Federico Chiesa Black Refractor /10 PSA 10 GEM MINT,$199.99 ,1,https://raw.githubusercontent.com/YinzBreaks/ebay-card-assets/main/assets/9_6_28_upload/LIV-CHIESA-136-PSA10.jpg,FixedPrice,GTC,2750,TRUE,$170.00 ,$145.00 ,<p>For sale is an ultra-rare 2024-25 Topps Merlin UEFA Club Competitions Federico Chiesa Black Refractor numbered #06/10 graded PSA 10 Gem Mint (Cert #153466061). Rare true Black /10 parallel in Liverpool FC kit. Packaged securely in bubble mailer and box.</p>,Black Refractor,Soccer,Federico Chiesa,Black Refractor /10,2024-25,Topps,"Serial Numbered, Super Short Print (SSP), Refractor",2024-25 Topps Merlin UEFA Club Competitions,Yes,10,Professional Sports Authenticator (PSA),153466061,136,Liverpool FC,No,10
Add,FCB-GAVI-PATCHAUTO-3,261328,2022 Leaf Trinity Gavi MATCH WORN CREST EMBROIDERY PATCH AUTO ROOKIE RC /3 1/3,$599.99 ,1,https://raw.githubusercontent.com/YinzBreaks/ebay-card-assets/main/assets/9_6_28_upload/FCB-GAVI-PATCHAUTO-3-FRONT.jpg|https://raw.githubusercontent.com/YinzBreaks/ebay-card-assets/main/assets/9_6_28_upload/FCB-GAVI-PATCHAUTO-3-BACK.jpg,FixedPrice,GTC,4000,TRUE,$450.00 ,$380.00 ,<p>Grail piece alert: 2022 Leaf Trinity Gavi Authentic Signature and MATCH-WORN PATCH Rookie Card numbered #1/3! Features a prime game-used / match-worn multi-color embroidered club crown crest patch directly from official match play gear (NOT manufactured or player-worn event scrap). Certified authentic by Leaf. Housed safely in original magnetic casing.</p>,Authentic Signature and Match-Worn Patch,Soccer,Gavi,Match-Worn Crest Patch Auto /3,2022,Leaf,"Match-Worn Patch, Crest Patch, Autograph, Rookie Card, 1/3, SSP",2022 Leaf Trinity Soccer,No,,,,X-RC,FC Barcelona / Spain,Yes,3
Add,CHE-ENZO-AEF-PSA10,261328,2024-25 Topps UEFA CC Enzo Fernandez Gold Foilboard Auto /50 PSA 10 GEM MINT,$139.99 ,1,https://raw.githubusercontent.com/YinzBreaks/ebay-card-assets/main/assets/9_6_28_upload/CHE-ENZO-AEF-PSA10.jpg,FixedPrice,GTC,2750,TRUE,$115.00 ,$95.00 ,<p>2024-25 Topps UEFA Club Competitions Enzo Fernández Base Autograph Gold Foilboard parallel numbered #35/50 graded PSA 10 Gem Mint (Cert #153466054). Chelsea FC star midfielder and World Cup winner. Topps certified authentic autograph.</p>,Gold Foilboard Autograph,Soccer,Enzo Fernández,Gold Foilboard /50,2024-25,Topps,"Autograph, Serial Numbered, Gold Foilboard",2024-25 Topps UEFA Club Competitions,Yes,10,Professional Sports Authenticator (PSA),153466054,A-EF,Chelsea FC,Yes,50
Add,MCI-SHAW-BS-PSA9,261328,2024-25 Topps Chrome UWCL Khadija Bunny Shaw Orange Refractor Auto /25 PSA 9,$99.99 ,1,https://raw.githubusercontent.com/YinzBreaks/ebay-card-assets/main/assets/9_6_28_upload/MCI-SHAW-BS-PSA9.jpg,FixedPrice,GTC,2750,TRUE,$80.00 ,$65.00 ,<p>2024-25 Topps Chrome UEFA Women's Champions League Bunny Shaw Orange Refractor Autograph numbered #/25 graded PSA 9 Mint (Cert #153466062). Manchester City superstar goalscorer and WSL Golden Boot winner. Extremely rare /25 parallel.</p>,Orange Refractor Autograph,Soccer,Khadija 'Bunny' Shaw,Orange Refractor /25,2024-25,Topps,"Autograph, Serial Numbered, Orange Refractor",2024-25 Topps Chrome UWCL,Yes,9,Professional Sports Authenticator (PSA),153466062,AV-BS,Manchester City Women,Yes,25
Add,SCP-QUENDA-BAGQ-PSA9,261328,2024-25 Topps Finest UCC Geovany Quenda Pink Prism Auto RC /125 PSA 9 MINT,$114.99 ,1,https://raw.githubusercontent.com/YinzBreaks/ebay-card-assets/main/assets/9_6_28_upload/SCP-QUENDA-BAGQ-PSA9.jpg,FixedPrice,GTC,2750,TRUE,$95.00 ,$90.00 ,<p>2024-25 Topps Finest UEFA Club Competitions Geovany Quenda Rookie Card Base Card Autograph Variation Pink Prism numbered #066/125 graded PSA 9 Mint (Cert #153466064). Sporting CP wonderkid rookie auto.</p>,Pink Prism Autograph Variation,Soccer,Geovany Quenda,Pink Prism /125,2024-25,Topps,"Rookie Card, Autograph, Serial Numbered, Refractor",2024-25 Topps Finest UEFA Club Competitions,Yes,9,Professional Sports Authenticator (PSA),153466064,BA-GQ,Sporting CP,Yes,125
Add,RMA-ATHENEA-AD-PSA9,261328,2023-24 Topps Chrome UWCL Athenea del Castillo Autograph-XI Refractor /11 PSA 9,$125.11 ,1,https://raw.githubusercontent.com/YinzBreaks/ebay-card-assets/main/assets/9_6_28_upload/RMA-ATHENEA-AD-PSA9.jpg,FixedPrice,GTC,2750,TRUE,$95.00 ,$85.00 ,<p>2023-24 Topps Chrome UEFA Women's Champions League Athenea del Castillo Autograph-XI Refractor numbered #/XI (Print run /11) graded PSA 9 Mint (Cert #153466065). Real Madrid Femení winger and World Cup Champion.</p>,Autograph-XI Refractor,Soccer,Athenea del Castillo,XI Refractor /11,2023-24,Topps,"Autograph, Ultra Rare Roman Numeral /11, Refractor",2023-24 Topps Chrome UWCL,Yes,9,Professional Sports Authenticator (PSA),153466065,A-AD,Real Madrid Femení,Yes,11
Add,FCB-LEON-FR8-PSA9,261328,2023-24 Topps Chrome UWCL Mapi Leon Fierce Orange Refractor /25 PSA 9 MINT,$80.25 ,1,https://raw.githubusercontent.com/YinzBreaks/ebay-card-assets/main/assets/9_6_28_upload/FCB-LEON-FR8-PSA9.jpg,FixedPrice,GTC,2750,TRUE,$65.00 ,$60.00 ,<p>2023-24 Topps Chrome UEFA Women's Champions League Mapi León Fierce Insert Orange Refractor numbered #/25 graded PSA 9 Mint (Cert #153466063). FC Barcelona world-class defender case-hit style insert parallel.</p>,Fierce Orange Refractor,Soccer,Mapi León,Orange Refractor /25,2023-24,Topps,"Insert Parallel, Serial Numbered, Case Hit Style",2023-24 Topps Chrome UWCL,Yes,9,Professional Sports Authenticator (PSA),153466063,FR-8,FC Barcelona Femení,No,25
